e3e,zlsmmiugmuym5mxw,2026-10-08T00:22:24,S,down,0,179.89999997615814,0,0
e3e,zlsmmiugmuym5mxw,2026-10-08T00:22:24,S,up,1,287.10000002384186,0,0
e3e,zlsmmiugmuym5mxw,2026-10-08T00:22:24,S,down,2,428.6999999284744,0,0
e3e,zlsmmiugmuym5mxw,2026-10-08T00:22:24,S,up,3,520.3999999761581,0,0
e3e,zlsmmiugmuym5mxw,2026-10-08T00:22:24,1,down,4,1101.7999999523163,0,0
e3e,zlsmmiugmuym5mxw,2026-10-08T00:22:24,1,up,5,1201.3999999761581,0,0
e3e,zlsmmiugmuym5mxw,2026-10-08T00:22:24,2,down,6,1229.3999999761581,0,0
e3e,zlsmmiugmuym5mxw,2026-10-08T00:22:24,2,up,7,1367.1000000238419,0,0
e3e,zlsmmiugmuym5mxw,2026-10-08T00:22:24,3,down,8,1449.6999999284744,0,0
e3e,zlsmmiugmuym5mxw,2026-10-08T00:22:24,3,up,9,1555,0,0
e3e,zlsmmiugmuym5mxw,2026-10-08T00:22:24,+,down,10,2404.399999976158,0,0
e3e,zlsmmiugmuym5mxw,2026-10-08T00:22:24,=,up,11,2513.5,0,0
3444,8fj209zamuym6jhh,2026-10-08T00:23:06,A,down,0,29223.100000023842,2,0
3444,8fj209zamuym6jhh,2026-10-08T00:23:06,A,up,1,29323.700000047684,2,0
3444,8fj209zamuym6jhh,2026-10-08T00:23:06,Backspace,down,2,30834,2,0
3444,8fj209zamuym6jhh,2026-10-08T00:23:06,Backspace,up,3,30917.300000071526,2,0
3444,8fj209zamuym6jhh,2026-10-08T00:23:06,S,down,4,31924.5,2,0
3444,8fj209zamuym6jhh,2026-10-08T00:23:06,S,up,5,32036.5,2,0
3444,8fj209zamuym6jhh,2026-10-08T00:23:06,S,down,6,32145,2,0
3444,8fj209zamuym6jhh,2026-10-08T00:23:06,S,up,7,32234.600000023842,2,0
3444,8fj209zamuym6jhh,2026-10-08T00:23:06,1,down,8,33210.800000071526,2,0
3444,8fj209zamuym6jhh,2026-10-08T00:23:06,1,up,9,33334.60000002384,2,0
3444,8fj209zamuym6jhh,2026-10-08T00:23:06,2,down,10,33422.300000071526,2,0
3444,8fj209zamuym6jhh,2026-10-08T00:23:06,2,up,11,33519.90000009537,2,0
3444,8fj209zamuym6jhh,2026-10-08T00:23:06,3,down,12,33625.10000002384,2,0
3444,8fj209zamuym6jhh,2026-10-08T00:23:06,3,up,13,33716.10000002384,2,0
3444,8fj209zamuym6jhh,2026-10-08T00:23:06,4,down,14,33835.60000002384,2,0
3444,8fj209zamuym6jhh,2026-10-08T00:23:06,4,up,15,33954.800000071526,2,0
3444,8fj209zamuym6jhh,2026-10-08T00:23:06,Backspace,down,16,34432.10000002384,2,0
3444,8fj209zamuym6jhh,2026-10-08T00:23:06,Backspace,up,17,34499.200000047684,2,0
3444,8fj209zamuym6jhh,2026-10-08T00:23:06,+,down,18,35782.40000009537,2,0
3444,8fj209zamuym6jhh,2026-10-08T00:23:06,+,up,19,35867.300000071526,2,0
